epoch,accuracy,loss
0,0.6679841876029968,0.6132076382637024
1,0.7707509994506836,0.5166363716125488
2,0.8498023748397827,0.3971458375453949
3,0.8735178112983704,0.3317161798477173
4,0.9288537502288818,0.22982977330684662
5,0.9407114386558533,0.18957698345184326
6,0.9604743123054504,0.12434626370668411
7,0.9644268751144409,0.07837516814470291
8,0.9525691866874695,0.09687928110361099
9,0.9841897487640381,0.04003630951046944
