epoch,accuracy,loss
0,0.7154150009155273,0.6419070363044739
1,0.747035562992096,0.5117202401161194
2,0.7786561250686646,0.4843958616256714
3,0.790513813495636,0.4521743655204773
4,0.8260869383811951,0.38292741775512695
5,0.8735178112983704,0.31564807891845703
6,0.9090909361839294,0.24289833009243011
7,0.948616623878479,0.1488613337278366
8,0.9762845635414124,0.11188550293445587
9,0.9841897487640381,0.05447325482964516
