epoch,accuracy,loss
0,0.6837944388389587,0.6086054444313049
1,0.790513813495636,0.46595242619514465
2,0.8418972492218018,0.394621878862381
3,0.8695651888847351,0.32094690203666687
4,0.9249011874198914,0.222042977809906
5,0.9209486246109009,0.18148767948150635
6,0.9604743123054504,0.10835341364145279
7,0.9169960618019104,0.22271905839443207
8,0.9762845635414124,0.11526697874069214
9,0.9802371263504028,0.06827740371227264
