epoch,accuracy,loss
0,0.6679841876029968,0.5856430530548096
1,0.7747035622596741,0.5259919166564941
2,0.8221343755722046,0.44740384817123413
3,0.8418972492218018,0.3751576244831085
4,0.8735178112983704,0.2951424717903137
5,0.8932806253433228,0.24826045334339142
6,0.9328063130378723,0.19421064853668213
7,0.9762845635414124,0.09760741889476776
8,0.992094874382019,0.05051752179861069
9,0.9881423115730286,0.023699818179011345
