epoch,accuracy,loss
0,0.6758893132209778,0.6666736602783203
1,0.7865612506866455,0.4751407206058502
2,0.8102766871452332,0.39746278524398804
3,0.8577075004577637,0.34028464555740356
4,0.8774703741073608,0.2840712070465088
5,0.9249011874198914,0.19791027903556824
6,0.9446640610694885,0.13029496371746063
7,0.9683794379234314,0.08090690523386002
8,0.9762845635414124,0.06921927630901337
9,0.9881423115730286,0.032655827701091766
